source,target,sign,source_db,confidence
AHR,PLA2G4A,1,gold_standard,
AHR,VAV3,1,gold_standard,
ARNTL,BHLHE40,1,gold_standard,
ARNTL,NFE2L2,-1,gold_standard,
ARNTL,PER2,1,gold_standard,
ARNTL,VWF,-1,gold_standard,
BATF2,CCL5,1,gold_standard,
BATF3,IRF8,1,gold_standard,
BCL11B,AHR,-1,gold_standard,
BHLHE40,IL2RA,1,gold_standard,
BMI1,CDKN1A,-1,gold_standard,
BMI1,IKZF1,-1,gold_standard,
BMI1,NFKB1,1,gold_standard,
CD7,NFKB1,1,gold_standard,
CIITA,NFATC1,1,gold_standard,
CLOCK,BHLHE40,1,gold_standard,
CLOCK,CRY2,1,gold_standard,
CLOCK,NAMPT,1,gold_standard,
CLOCK,PER2,1,gold_standard,
CLOCK,SERPINE2,1,gold_standard,
DMTF1,AREG,-1,gold_standard,
DMTF1,EGR1,-1,gold_standard,
DMTF1,JUNB,-1,gold_standard,
E2F4,RAD51,-1,gold_standard,
E2F4,RB1,-1,gold_standard,
EBF1,BLK,1,gold_standard,
EBF1,CD79A,1,gold_standard,
EBF1,ZFP521,1,gold_standard,
EGR1,CCL2,1,gold_standard,
EGR1,CDKN1C,1,gold_standard,
EGR1,ICAM1,1,gold_standard,
EGR1,ID3,1,gold_standard,
EGR1,MAPK14,1,gold_standard,
EGR1,MAPK8,1,gold_standard,
EGR1,MMP9,1,gold_standard,
EGR1,NR4A1,1,gold_standard,
EGR1,PTGES,1,gold_standard,
EGR1,THBS1,1,gold_standard,
EGR1,TK1,1,gold_standard,
EGR1,IL12A,1,gold_standard,
EGR2,ID2,1,gold_standard,
EGR2,NAB1,1,gold_standard,
EGR2,ZBTB16,1,gold_standard,
ELF1,CSF1R,1,gold_standard,
ELF1,DNTT,1,gold_standard,
ELF1,FCER1G,-1,gold_standard,
ELF1,TOLLIP,-1,gold_standard,
EPAS1,RUNX2,1,gold_standard,
EPOR,CISH,1,gold_standard,
ESR1,CDKN1A,-1,gold_standard,
ESR1,IGF1,1,gold_standard,
ESR1,LTF,1,gold_standard,
ESR1,NRF1,1,gold_standard,
ESR1,PTGS1,1,gold_standard,
ESR1,TNFSF11,1,gold_standard,
ETS1,CCL2,1,gold_standard,
ETS1,CD4,1,gold_standard,
ETS1,CSF1R,1,gold_standard,
ETS1,CSF3R,1,gold_standard,
ETS1,PF4,1,gold_standard,
ETS1,HMOX1,1,gold_standard,
ETS1,IGHM,1,gold_standard,
ETS1,IKZF1,1,gold_standard,
ETS1,IL7R,1,gold_standard,
ETS1,ITGA2B,1,gold_standard,
ETS1,PCYT1A,1,gold_standard,
ETS1,RUNX2,1,gold_standard,
ETS1,SELL,1,gold_standard,
ETS1,SPP1,1,gold_standard,
ETS1,TGFBR2,1,gold_standard,
ETS1,TLR4,1,gold_standard,
ETS1,VWF,1,gold_standard,
EYA2,MTOR,1,gold_standard,
EZH1,TOLLIP,-1,gold_standard,
FHL2,FOS,1,gold_standard,
FOS,FOS,-1,gold_standard,
FOS,KRT18,1,gold_standard,
FOS,MMP9,-1,gold_standard,
FOS,NFE2L2,-1,gold_standard,
FOS,PPP1R3B,1,gold_standard,
FOS,SPI1,-1,gold_standard,
FOS,SRC,1,gold_standard,
FOS,SRXN1,1,gold_standard,
FOS,TFF2,-1,gold_standard,
FOXJ3,MEF2C,1,gold_standard,
FOXO1,ADIPOQ,1,gold_standard,
FOXO1,ALPL,1,gold_standard,
FOXO1,CCL2,1,gold_standard,
FOXO1,CCNG2,1,gold_standard,
FOXO1,CDKN1A,1,gold_standard,
FOXO1,EGR1,-1,gold_standard,
FOXO1,IKZF1,1,gold_standard,
FOXO1,IL7R,1,gold_standard,
FOXO1,PIK3R1,1,gold_standard,
FOXO1,SELL,1,gold_standard,
FOXO1,TRIB3,-1,gold_standard,
GATA1,CDC6,1,gold_standard,
GATA1,PF4,1,gold_standard,
GATA1,EPB42,1,gold_standard,
GATA1,FCER1G,1,gold_standard,
GATA1,SPI1,-1,gold_standard,
GATA1,ZFP26,-1,gold_standard,
GATA2,CSF2,1,gold_standard,
GATA2,SPI1,1,gold_standard,
GFI1,CDKN1A,-1,gold_standard,
GFI1,ID2,-1,gold_standard,
GFI1,IL7R,-1,gold_standard,
GFI1,SPI1,-1,gold_standard,
GFI1B,ELF4,-1,gold_standard,
GFI1B,MEIS1,1,gold_standard,
GFI1B,RAG1,1,gold_standard,
GFI1B,RAG2,1,gold_standard,
HBP1,MYOG,-1,gold_standard,
HCLS1,IGHG2B,1,gold_standard,
HDAC2,BMP7,-1,gold_standard,
HDAC2,CCNE1,-1,gold_standard,
HDAC2,NFKBIA,-1,gold_standard,
HMGB2,RUNX2,-1,gold_standard,
HNF4A,PKLR,1,gold_standard,
HNF4A,PPARGC1A,-1,gold_standard,
HNF4A,SLC6A19,1,gold_standard,
HOXA9,MYB,1,gold_standard,
HOXA9,SPP1,-1,gold_standard,
HSPB1,CDKN1A,1,gold_standard,
ID1,ALPL,-1,gold_standard,
ID1,CDKN1A,-1,gold_standard,
ID1,REL,1,gold_standard,
ID1,RORC,-1,gold_standard,
ID1,RUNX2,-1,gold_standard,
ID1,THBS1,-1,gold_standard,
ID2,ALPL,-1,gold_standard,
ID2,CCNA2,-1,gold_standard,
ID2,RUNX2,-1,gold_standard,
ID2,SPI1,-1,gold_standard,
ID3,ADIPOQ,-1,gold_standard,
ID3,ALPL,-1,gold_standard,
ID3,NOTCH1,-1,gold_standard,
ID3,RUNX2,-1,gold_standard,
ID3,VCAM1,-1,gold_standard,
IKBKB,CXCL10,1,gold_standard,
IKBKB,NFKB1,1,gold_standard,
IKBKB,NFKBIA,-1,gold_standard,
IKZF1,CD4,-1,gold_standard,
IKZF1,IGLL1,-1,gold_standard,
IKZF1,MYC,1,gold_standard,
IRF1,CCL5,1,gold_standard,
IRF1,CIITA,1,gold_standard,
IRF1,CXCL10,1,gold_standard,
IRF1,GBP2,1,gold_standard,
IRF1,IL12A,1,gold_standard,
IRF1,MAPK14,1,gold_standard,
IRF1,SELL,1,gold_standard,
IRF6,NECTIN4,1,gold_standard,
IRF8,CCL5,1,gold_standard,
IRF8,GAS2,-1,gold_standard,
IRF8,IL12A,1,gold_standard,
IRF8,JAK1,1,gold_standard,
IRF9,IRF7,1,gold_standard,
JARID2,NOTCH1,-1,gold_standard,
JUN,ALDH1A1,1,gold_standard,
JUN,CAT,1,gold_standard,
JUN,CSF1R,1,gold_standard,
JUN,CYP11A1,1,gold_standard,
JUN,FOS,-1,gold_standard,
JUN,GCLC,1,gold_standard,
JUN,SLC2A1,1,gold_standard,
JUN,HMOX1,1,gold_standard,
JUN,ICAM1,1,gold_standard,
JUN,ITGA5,1,gold_standard,
JUN,JUN,1,gold_standard,
JUN,KRT18,1,gold_standard,
JUN,MMP9,1,gold_standard,
JUN,NFE2L2,-1,gold_standard,
JUN,NFKB1,1,gold_standard,
JUN,ODC1,1,gold_standard,
JUN,PPP1R3B,1,gold_standard,
JUN,PTPN4,1,gold_standard,
JUN,RAB18,1,gold_standard,
JUN,RELB,1,gold_standard,
JUN,SPI1,1,gold_standard,
JUN,SPP1,1,gold_standard,
JUN,SRXN1,1,gold_standard,
JUN,TFF2,-1,gold_standard,
KLF1,KLF8,1,gold_standard,
KLF10,ARNTL,-1,gold_standard,
KLF10,MYCN,-1,gold_standard,
KLF6,CDKN1A,1,gold_standard,
LEF1,CDH1,-1,gold_standard,
LEF1,DLL1,1,gold_standard,
LEF1,ELANE,1,gold_standard,
LEF1,RUNX2,-1,gold_standard,
LMO4,BMP7,1,gold_standard,
MEF2A,NRF1,1,gold_standard,
MEF2C,RUNX2,1,gold_standard,
MEF2C,SOCS2,1,gold_standard,
MEIS1,PF4,1,gold_standard,
MEIS1,MYOG,1,gold_standard,
MYB,CDKN1A,-1,gold_standard,
MYB,CSF1R,-1,gold_standard,
MYB,CSF3R,-1,gold_standard,
MYB,IGFBP5,1,gold_standard,
MYB,KIT,1,gold_standard,
MYC,BCL2,-1,gold_standard,
MYC,CAD,1,gold_standard,
MYC,CAR1,1,gold_standard,
MYC,CDH1,1,gold_standard,
MYC,CDKN1A,-1,gold_standard,
MYC,HDAC2,1,gold_standard,
MYC,MYC,-1,gold_standard,
MYC,NDRG1,-1,gold_standard,
MYC,NFIA,-1,gold_standard,
MYC,ODC1,1,gold_standard,
MYC,PDGFRB,-1,gold_standard,
MYC,TERT,1,gold_standard,
MYC,ZFP36,-1,gold_standard,
MYCN,HDAC2,1,gold_standard,
MYCN,NDRG1,-1,gold_standard,
MYCN,PTDSS1,1,gold_standard,
MYOG,CCND3,1,gold_standard,
MYOG,CDKN1A,1,gold_standard,
MYOG,RB1,1,gold_standard,
NAB1,EGR1,-1,gold_standard,
NAB1,EGR2,-1,gold_standard,
NCOA2,NFKBIA,1,gold_standard,
NCOA6,FOS,1,gold_standard,
NDN,MYC,-1,gold_standard,
NFAT5,BCL2,-1,gold_standard,
NFAT5,VEGFC,1,gold_standard,
NFATC1,CSF2,1,gold_standard,
NFATC1,PAG1,-1,gold_standard,
NFATC2,ACP5,1,gold_standard,
NFATC2,BACE1,1,gold_standard,
NFATC2,CCNA2,-1,gold_standard,
NFE2L2,AREG,1,gold_standard,
NFE2L2,BCL2,1,gold_standard,
NFE2L2,CD36,1,gold_standard,
NFE2L2,FOS,-1,gold_standard,
NFE2L2,GCLC,1,gold_standard,
NFE2L2,HMOX1,1,gold_standard,
NFE2L2,MDM2,1,gold_standard,
NFE2L2,MT1,1,gold_standard,
NFE2L2,NFATC1,-1,gold_standard,
NFE2L2,NFKB1,-1,gold_standard,
NFE2L2,RUNX2,-1,gold_standard,
NFE2L2,SCARB1,1,gold_standard,
NFE2L2,SLC40A1,1,gold_standard,
NFE2L2,SQSTM1,1,gold_standard,
NFE2L2,SRXN1,1,gold_standard,
NFE2L2,TNFSF11,-1,gold_standard,
NFE2L2,TXNIP,-1,gold_standard,
NFIL3,ABCB4,-1,gold_standard,
NFIL3,ID2,1,gold_standard,
NFKB1,ADIPOQ,1,gold_standard,
NFKB1,ADORA2A,-1,gold_standard,
NFKB1,BCL2,1,gold_standard,
NFKB1,BIRC3,1,gold_standard,
NFKB1,XIAP,1,gold_standard,
NFKB1,BTK,1,gold_standard,
NFKB1,CCL2,1,gold_standard,
NFKB1,CCL5,1,gold_standard,
NFKB1,CD86,1,gold_standard,
NFKB1,CFLAR,1,gold_standard,
NFKB1,CSF2,1,gold_standard,
NFKB1,DUSP1,1,gold_standard,
NFKB1,EGR2,1,gold_standard,
NFKB1,EPAS1,1,gold_standard,
NFKB1,FBP1,-1,gold_standard,
NFKB1,FOS,1,gold_standard,
NFKB1,FTH1,1,gold_standard,
NFKB1,GCLM,-1,gold_standard,
NFKB1,IKBKB,1,gold_standard,
NFKB1,IL12A,1,gold_standard,
NFKB1,IL2RA,1,gold_standard,
NFKB1,ITGAM,1,gold_standard,
NFKB1,LCN2,1,gold_standard,
NFKB1,LEF1,1,gold_standard,
NFKB1,MAPK14,1,gold_standard,
NFKB1,MMP9,1,gold_standard,
NFKB1,MYB,1,gold_standard,
NFKB1,MYC,1,gold_standard,
NFKB1,NFKB1,1,gold_standard,
NFKB1,NFKBIA,1,gold_standard,
NFKB1,PER2,-1,gold_standard,
NFKB1,PPARGC1A,-1,gold_standard,
NFKB1,PTPN4,1,gold_standard,
NFKB1,REL,1,gold_standard,
NFKB1,RELB,1,gold_standard,
NFKB1,RIPK2,1,gold_standard,
NFKB1,SELP,1,gold_standard,
NFKB1,SLC2A1,1,gold_standard,
NFKB1,SRC,1,gold_standard,
NFKB1,TCRG-C1,1,gold_standard,
NFKB1,TEC,1,gold_standard,
NFKB1,TLR2,1,gold_standard,
NFKB1,TLR4,1,gold_standard,
NFKB1,TNFAIP3,1,gold_standard,
NFKB1,TNFRSF25,1,gold_standard,
NFKB1,UPP1,1,gold_standard,
NFKB1,VCAM1,1,gold_standard,
NFKB1,CDH1,-1,gold_standard,
NFKBIA,NFKB1,-1,gold_standard,
NOTCH1,CASP3,1,gold_standard,
NOTCH1,CCNE1,1,gold_standard,
NOTCH1,CDKN1A,1,gold_standard,
NOTCH1,GATA2,1,gold_standard,
NOTCH1,NFKB1,1,gold_standard,
NOTCH1,RUNX2,-1,gold_standard,
NOTCH1,SPI1,1,gold_standard,
NR1D2,GJA1,1,gold_standard,
NR1H3,BHLHE40,1,gold_standard,
NR1H3,CYP7B1,-1,gold_standard,
NR2C1,ESR1,-1,gold_standard,
NR2C1,GATA1,-1,gold_standard,
NR3C2,MLLT3,-1,gold_standard,
NRF1,ATP1B1,1,gold_standard,
NRF1,COX4I1,1,gold_standard,
NRF1,FCGR3,1,gold_standard,
NRF1,HMOX1,1,gold_standard,
NRF1,KIF17,1,gold_standard,
NRF1,MT1,1,gold_standard,
NUPR1,CCNA2,-1,gold_standard,
NUPR1,HMOX1,-1,gold_standard,
NUPR1,TCF19,-1,gold_standard,
PBX1,CDH1,1,gold_standard,
PBX1,PF4,1,gold_standard,
PBX1,PBX1,1,gold_standard,
PER2,UCP2,-1,gold_standard,
PGR,ADAM8,1,gold_standard,
PGR,ESR1,1,gold_standard,
PGR,NFKBIA,1,gold_standard,
PIAS3,JAK2,-1,gold_standard,
PIAS3,STAT3,-1,gold_standard,
PITX2,LEF1,1,gold_standard,
PITX2,MEF2C,1,gold_standard,
PLAG1,EGR1,1,gold_standard,
POU2AF1,ALDH1A7,1,gold_standard,
POU2AF1,BTK,1,gold_standard,
POU2AF1,CD79B,1,gold_standard,
POU2AF1,SPI1,1,gold_standard,
RB1,CDKN1A,1,gold_standard,
RB1,SPI1,1,gold_standard,
RBL2,CCNA2,-1,gold_standard,
RBL2,PCNA,-1,gold_standard,
RBL2,RAD51,-1,gold_standard,
REL,BIRC3,1,gold_standard,
REL,CCL5,1,gold_standard,
REL,IL12A,1,gold_standard,
REL,MYC,1,gold_standard,
REL,TCRG-C1,1,gold_standard,
REL,TNFAIP3,1,gold_standard,
RELB,MYB,1,gold_standard,
RELB,MYC,1,gold_standard,
RELB,TCRG-C1,1,gold_standard,
RORA,ARNTL,1,gold_standard,
RORA,CYP7B1,1,gold_standard,
RORA,NPSR1,-1,gold_standard,
RPS6KA5,FOS,1,gold_standard,
RUNX1T1,BCL2,1,gold_standard,
RUNX1T1,TCF12,1,gold_standard,
RUNX2,ALPL,1,gold_standard,
RUNX2,FGF3,1,gold_standard,
RUNX2,LGALS3,1,gold_standard,
RUNX2,PTTG1IP,1,gold_standard,
RUNX2,SMURF1,1,gold_standard,
RUNX2,SOX6,1,gold_standard,
RUNX2,SPP1,1,gold_standard,
RUNX2,TCF7,1,gold_standard,
RUNX2,TNFSF11,1,gold_standard,
SALL2,CDKN1A,1,gold_standard,
SATB1,BCL2,1,gold_standard,
SATB1,SPI1,1,gold_standard,
SLA2,CSF1R,-1,gold_standard,
SMAD2,CDKN1A,1,gold_standard,
SMAD2,RGCC,1,gold_standard,
SMAD3,CCL2,-1,gold_standard,
SMAD3,CDH1,-1,gold_standard,
SMAD3,CLDN3,-1,gold_standard,
SMAD3,LGALS9,1,gold_standard,
SMAD3,MYC,-1,gold_standard,
SMAD3,NEDD9,-1,gold_standard,
SMAD3,OCLN,-1,gold_standard,
SMAD3,PPARGC1A,-1,gold_standard,
SMAD3,RUNX2,-1,gold_standard,
SMAD3,SSTR2,1,gold_standard,
SMAD4,CDH1,-1,gold_standard,
SMAD4,CDKN1A,1,gold_standard,
SMAD4,CLDN3,-1,gold_standard,
SMAD4,ID3,1,gold_standard,
SMAD4,IFI204,1,gold_standard,
SMAD4,OCLN,-1,gold_standard,
SMAD4,SSTR2,1,gold_standard,
SMAD4,TGFBR2,1,gold_standard,
SMAD5,ID3,1,gold_standard,
SMAD5,IFI204,1,gold_standard,
SMARCA2,CD44,1,gold_standard,
SMARCA2,CDH1,1,gold_standard,
SMURF2,MAVS,-1,gold_standard,
SMURF2,RUNX2,-1,gold_standard,
SOX6,FGF3,-1,gold_standard,
SOX7,FGF3,1,gold_standard,
SPI1,AIF1,1,gold_standard,
SPI1,CCL5,1,gold_standard,
SPI1,CSF1R,1,gold_standard,
SPI1,FCER1G,1,gold_standard,
SPI1,FES,1,gold_standard,
SPI1,FLT3,1,gold_standard,
SPI1,H2-AB1,-1,gold_standard,
SPI1,IGHM,1,gold_standard,
SPI1,IRF8,1,gold_standard,
SPI1,ITGA2B,1,gold_standard,
SPI1,NCF1,1,gold_standard,
SPI1,PIRB,1,gold_standard,
SPI1,PTPRC,1,gold_standard,
SPI1,TLR4,1,gold_standard,
SPIB,FCER2A,1,gold_standard,
SPIB,NFKB1,1,gold_standard,
SPIC,FCER2A,1,gold_standard,
SPIC,NFKB1,1,gold_standard,
STAT1,CD36,1,gold_standard,
STAT1,CIITA,1,gold_standard,
STAT1,CXCL10,1,gold_standard,
STAT1,GBP2,1,gold_standard,
STAT1,GFI1,1,gold_standard,
STAT1,IRF1,1,gold_standard,
STAT1,IRF7,1,gold_standard,
STAT1,MDM2,-1,gold_standard,
STAT1,MT1,1,gold_standard,
STAT1,PDCD1,1,gold_standard,
STAT1,UPP1,1,gold_standard,
STAT2,IRF7,1,gold_standard,
STAT2,PDCD1,1,gold_standard,
STAT3,BCL2,-1,gold_standard,
STAT3,CAV1,1,gold_standard,
STAT3,S1PR1,1,gold_standard,
STAT3,EGR1,1,gold_standard,
STAT3,ENTPD1,1,gold_standard,
STAT3,FOS,1,gold_standard,
STAT3,GFI1,-1,gold_standard,
STAT3,IGFBP5,1,gold_standard,
STAT3,IL12A,-1,gold_standard,
STAT3,JAK3,1,gold_standard,
STAT3,LIF,1,gold_standard,
STAT3,MMP2,1,gold_standard,
STAT3,MMP9,1,gold_standard,
STAT3,MT1,1,gold_standard,
STAT3,MYC,-1,gold_standard,
STAT3,SOX6,1,gold_standard,
STAT3,SPI1,1,gold_standard,
STAT3,STAT3,1,gold_standard,
STAT6,FCER2A,1,gold_standard,
STAT6,GFI1,1,gold_standard,
STAT6,ITGB3,1,gold_standard,
TCF12,MYOG,1,gold_standard,
TCF19,CCNE1,-1,gold_standard,
TCF7,CD4,1,gold_standard,
TCF7,RUNX2,1,gold_standard,
THRB,ABCD2,1,gold_standard,
TRPS1,RUNX2,-1,gold_standard,
TRPS1,STAT3,-1,gold_standard,
XBP1,BHLHA15,1,gold_standard,
XBP1,FOXO1,-1,gold_standard,
XBP1,HERPUD1,1,gold_standard,
XBP1,STARD5,1,gold_standard,
YBX1,SLC2A3,1,gold_standard,
ZBTB16,CDKN1A,-1,gold_standard,
ZBTB38,MYOG,-1,gold_standard,
ZEB2,CDH1,-1,gold_standard,
ZFP36,NFKB1,-1,gold_standard,
AHR,FOS,1,dorothea,
AHR,MYC,1,dorothea,
ARID2,CDK17,1,dorothea,
ARID2,CHD9,1,dorothea,
ARID2,FOXJ3,1,dorothea,
ARID2,NCOA2,1,dorothea,
ARID2,NFAT5,1,dorothea,
ARID2,TNPO1,1,dorothea,
ARID2,USP3,1,dorothea,
ARID2,ZCCHC2,1,dorothea,
ARNTL,CRY2,1,dorothea,
ARNTL,NR1D2,1,dorothea,
ATF7,EML2,1,dorothea,
ATF7,EXOC4,1,dorothea,
ATF7,IGF1,1,dorothea,
ATF7,KDM4C,1,dorothea,
ATF7,NFIA,1,dorothea,
ATF7,PTPRS,1,dorothea,
ATF7,TCF12,1,dorothea,
ATF7,TRP53BP1,1,dorothea,
ATF7,UBE2H,1,dorothea,
BACH2,RIPOR2,1,dorothea,
BACH2,AP1B1,1,dorothea,
BACH2,ARHGEF3,1,dorothea,
BACH2,ETS1,1,dorothea,
BACH2,KCTD20,1,dorothea,
BACH2,KLHL21,1,dorothea,
BACH2,MGAT5,1,dorothea,
BACH2,PSAP,1,dorothea,
BACH2,RASAL3,1,dorothea,
BACH2,RASSF2,1,dorothea,
BACH2,RGS3,1,dorothea,
BACH2,SLC6A6,1,dorothea,
BACH2,SQSTM1,1,dorothea,
BACH2,SWAP70,1,dorothea,
BACH2,TUBA4A,1,dorothea,
BHLHE40,NR4A1,-1,dorothea,
BHLHE40,ABCC1,-1,dorothea,
BHLHE40,ARHGEF3,-1,dorothea,
BHLHE40,CD83,-1,dorothea,
BHLHE40,CDKN1A,-1,dorothea,
BHLHE40,CREB5,-1,dorothea,
BHLHE40,CTTN,-1,dorothea,
BHLHE40,FLNB,-1,dorothea,
BHLHE40,GDF15,-1,dorothea,
BHLHE40,ID2,-1,dorothea,
BHLHE40,LDLR,-1,dorothea,
BHLHE40,MAP2K3,-1,dorothea,
BHLHE40,PFKFB3,-1,dorothea,
BHLHE40,PLEC,-1,dorothea,
BHLHE40,RALGDS,-1,dorothea,
BHLHE40,RASSF5,-1,dorothea,
BHLHE40,SLC37A1,-1,dorothea,
BHLHE40,SNAP47,-1,dorothea,
BHLHE40,SRC,-1,dorothea,
BHLHE40,SYNJ2,-1,dorothea,
BHLHE40,TRAPPC9,-1,dorothea,
CLOCK,NR1D2,1,dorothea,
CLOCK,ATP9B,1,dorothea,
CLOCK,CDH23,1,dorothea,
CLOCK,CORO2B,1,dorothea,
CLOCK,CREB5,1,dorothea,
CLOCK,DENND3,1,dorothea,
CLOCK,FAM91A1,1,dorothea,
CLOCK,ITGB2,1,dorothea,
CLOCK,PCYT1A,1,dorothea,
CLOCK,PTK2,1,dorothea,
CLOCK,SEC14L1,1,dorothea,
CLOCK,TRAPPC9,1,dorothea,
E2F4,ADARB1,1,dorothea,
E2F4,ANLN,1,dorothea,
E2F4,ASF1B,1,dorothea,
E2F4,AURKB,1,dorothea,
E2F4,BIRC5,1,dorothea,
E2F4,BUB3,1,dorothea,
E2F4,CALR,1,dorothea,
E2F4,CAV1,1,dorothea,
E2F4,CBX5,1,dorothea,
E2F4,CCNA2,1,dorothea,
E2F4,CCNB1,1,dorothea,
E2F4,CDC45,1,dorothea,
E2F4,CDC6,1,dorothea,
E2F4,CDCA4,1,dorothea,
E2F4,CDCA7,1,dorothea,
E2F4,CDK1,1,dorothea,
E2F4,CDT1,1,dorothea,
E2F4,CENPE,1,dorothea,
E2F4,CENPO,1,dorothea,
E2F4,CKS2,1,dorothea,
E2F4,CREG1,1,dorothea,
E2F4,CSE1L,1,dorothea,
E2F4,DDX11,1,dorothea,
E2F4,DHFR,1,dorothea,
E2F4,DUT,1,dorothea,
E2F4,E2F8,1,dorothea,
E2F4,EPAS1,1,dorothea,
E2F4,FBXO5,1,dorothea,
E2F4,FDFT1,1,dorothea,
E2F4,GMNN,1,dorothea,
E2F4,HCFC1,1,dorothea,
E2F4,HLTF,1,dorothea,
E2F4,HMGB3,1,dorothea,
E2F4,HMMR,1,dorothea,
E2F4,ID3,1,dorothea,
E2F4,IKBKG,-1,dorothea,
E2F4,INSIG1,1,dorothea,
E2F4,JUN,1,dorothea,
E2F4,KDM6A,1,dorothea,
E2F4,KLF10,1,dorothea,
E2F4,KLHL21,1,dorothea,
E2F4,LGALS1,1,dorothea,
E2F4,MAD2L1,1,dorothea,
E2F4,MCM10,-1,dorothea,
E2F4,MCM3,1,dorothea,
E2F4,MCM5,1,dorothea,
E2F4,MCM6,1,dorothea,
E2F4,MCM7,1,dorothea,
E2F4,MKI67,1,dorothea,
E2F4,MTHFD1,1,dorothea,
E2F4,MYC,1,dorothea,
E2F4,NASP,1,dorothea,
E2F4,NCL,1,dorothea,
E2F4,NDC80,1,dorothea,
E2F4,NEK2,1,dorothea,
E2F4,NUSAP1,1,dorothea,
E2F4,PCLAF,-1,dorothea,
E2F4,PCNA,1,dorothea,
E2F4,PGRMC1,1,dorothea,
E2F4,PIGQ,1,dorothea,
E2F4,PIM2,1,dorothea,
E2F4,PLK1,-1,dorothea,
E2F4,POLA2,1,dorothea,
E2F4,POLD1,1,dorothea,
E2F4,PRC1,1,dorothea,
E2F4,PRIM2,1,dorothea,
E2F4,RABIF,1,dorothea,
E2F4,REL,1,dorothea,
E2F4,RFC4,1,dorothea,
E2F4,RIPK2,1,dorothea,
E2F4,RRM1,1,dorothea,
E2F4,SIRPA,1,dorothea,
E2F4,SLC35F6,1,dorothea,
E2F4,SLCO4A1,1,dorothea,
E2F4,SMC2,1,dorothea,
E2F4,SMC4,1,dorothea,
E2F4,SS18L1,1,dorothea,
E2F4,STAM,1,dorothea,
E2F4,TERT,1,dorothea,
E2F4,TFRC,1,dorothea,
E2F4,TK1,1,dorothea,
E2F4,TOP2A,1,dorothea,
E2F4,TYMS,1,dorothea,
E2F4,UBE2C,1,dorothea,
E2F4,UMPS,1,dorothea,
E2F4,USP25,1,dorothea,
E2F4,XRCC2,1,dorothea,
E2F4,YBX3,1,dorothea,
E2F6,ABR,-1,dorothea,
E2F6,AGRN,-1,dorothea,
E2F6,KAZALD1,-1,dorothea,
E2F6,MROH1,-1,dorothea,
E2F6,NFATC1,-1,dorothea,
E2F6,NFATC2,-1,dorothea,
E2F6,NFE2L2,-1,dorothea,
E2F6,NOL4L,-1,dorothea,
E2F6,OSBPL3,-1,dorothea,
E2F6,PFKFB3,-1,dorothea,
E2F6,PIP4K2A,-1,dorothea,
E2F6,PTPRU,-1,dorothea,
E2F6,SMAD3,-1,dorothea,
E2F6,SRXN1,-1,dorothea,
E2F6,ST6GAL1,-1,dorothea,
E2F6,TACC3,-1,dorothea,
E2F6,TANGO2,-1,dorothea,
E2F6,TRIB3,-1,dorothea,
E2F6,ZCCHC2,-1,dorothea,
E2F6,ZFP451,-1,dorothea,
E2F6,ZFP941,-1,dorothea,
EBF1,DENND3,1,dorothea,
EBF1,LPP,1,dorothea,
EBF1,ANKRD44,1,dorothea,
EBF1,ARHGEF17,1,dorothea,
EBF1,BCL2,1,dorothea,
EBF1,CDH23,1,dorothea,
EBF1,CLMN,1,dorothea,
EBF1,CORO2B,1,dorothea,
EBF1,EEPD1,1,dorothea,
EBF1,ELMO1,1,dorothea,
EBF1,FAM102A,1,dorothea,
EBF1,FCHSD2,1,dorothea,
EBF1,FLNB,1,dorothea,
EBF1,ITPR1,1,dorothea,
EBF1,LRCH1,1,dorothea,
EBF1,NOL4L,1,dorothea,
EBF1,PACSIN2,1,dorothea,
EBF1,PAG1,1,dorothea,
EBF1,PIP4K2A,1,dorothea,
EBF1,PPFIBP2,1,dorothea,
EBF1,PRKCD,1,dorothea,
EBF1,PTPRS,1,dorothea,
EBF1,RALGDS,1,dorothea,
EBF1,RASA3,1,dorothea,
EBF1,RFTN1,1,dorothea,
EBF1,RIN3,1,dorothea,
EBF1,SPTBN1,1,dorothea,
EBF1,ST3GAL5,1,dorothea,
EBF1,TACC1,1,dorothea,
EBF1,TBC1D2B,1,dorothea,
EBF1,THEMIS2,1,dorothea,
EGR1,ALOX5,1,dorothea,
EGR1,AREG,1,dorothea,
EGR1,BCL2,1,dorothea,
EGR1,CAT,1,dorothea,
EGR1,CD19,1,dorothea,
EGR1,CD28,1,dorothea,
EGR1,CD44,1,dorothea,
EGR1,CD9,1,dorothea,
EGR1,CDH13,1,dorothea,
EGR1,CDKN1A,1,dorothea,
EGR1,EPX,1,dorothea,
EGR1,FCER2A,-1,dorothea,
EGR1,FGFR3,1,dorothea,
EGR1,GDF15,1,dorothea,
EGR1,IL2RB,1,dorothea,
EGR1,JUN,1,dorothea,
EGR1,LDLR,1,dorothea,
EGR1,LTB,1,dorothea,
EGR1,MYB,-1,dorothea,
EGR1,MYC,1,dorothea,
EGR1,NFKB1,1,dorothea,
EGR1,PDGFB,1,dorothea,
EGR1,PDGFC,1,dorothea,
EGR1,POR,1,dorothea,
EGR1,PSEN2,1,dorothea,
EGR1,RBL2,1,dorothea,
EGR1,SLC1A4,1,dorothea,
EGR1,SOD1,1,dorothea,
EGR1,SPP1,1,dorothea,
EGR1,SPRY1,1,dorothea,
EGR1,TBXA2R,1,dorothea,
EGR1,TGFBR2,1,dorothea,
EGR1,TIMP2,1,dorothea,
EGR1,TIMP3,1,dorothea,
ELF1,MEIS1,1,dorothea,
ELF1,ADCY7,1,dorothea,
ELF1,ARHGAP12,1,dorothea,
ELF1,CAST,1,dorothea,
ELF1,CDC42SE2,1,dorothea,
ELF1,CHD9,1,dorothea,
ELF1,FNDC3B,1,dorothea,
ELF1,NFE2L2,1,dorothea,
ELF1,PRKCH,1,dorothea,
ELF1,PTTG1IP,1,dorothea,
ELF1,RNF213,1,dorothea,
ELF1,RNF38,1,dorothea,
ELF1,SEC14L1,1,dorothea,
ELF1,SGMS1,1,dorothea,
ELF1,TACC1,1,dorothea,
ELF1,TRIB1,1,dorothea,
ELF1,TSPAN14,1,dorothea,
ELF1,UBE2H,1,dorothea,
ELF1,ZFYVE28,1,dorothea,
EPAS1,ADORA2A,1,dorothea,
EPAS1,BHLHE40,1,dorothea,
EPAS1,CAR9,1,dorothea,
EPAS1,PDGFB,1,dorothea,
EPAS1,SLC11A2,1,dorothea,
EPAS1,SPHK1,1,dorothea,
EPAS1,TERT,1,dorothea,
ESR1,ABCG3,1,dorothea,
ESR1,ATP2B4,1,dorothea,
ESR1,BCL2,1,dorothea,
ESR1,BTG2,-1,dorothea,
ESR1,C3,1,dorothea,
ESR1,CAD,1,dorothea,
ESR1,CAPN2,1,dorothea,
ESR1,CAV1,1,dorothea,
ESR1,CAV2,1,dorothea,
ESR1,CD86,1,dorothea,
ESR1,CDH1,1,dorothea,
ESR1,CLDN4,1,dorothea,
ESR1,CRYZ,1,dorothea,
ESR1,CTSD,1,dorothea,
ESR1,CXCL12,1,dorothea,
ESR1,EDN3,1,dorothea,
ESR1,FOS,1,dorothea,
ESR1,FOXO1,1,dorothea,
ESR1,GSN,1,dorothea,
ESR1,HSPB1,1,dorothea,
ESR1,IGFBP4,1,dorothea,
ESR1,ITGB1,1,dorothea,
ESR1,JUN,1,dorothea,
ESR1,JUNB,1,dorothea,
ESR1,KRT18,1,dorothea,
ESR1,LGALS8,1,dorothea,
ESR1,MDM2,1,dorothea,
ESR1,MYB,1,dorothea,
ESR1,MYC,1,dorothea,
ESR1,NEK6,1,dorothea,
ESR1,PBX1,1,dorothea,
ESR1,PGR,1,dorothea,
ESR1,POR,1,dorothea,
ESR1,RUNX2,1,dorothea,
ESR1,SERPINB9,1,dorothea,
ESR1,SMARCA2,1,dorothea,
ESR1,SRC,1,dorothea,
ESR1,TERT,1,dorothea,
ESR1,TRIM16,1,dorothea,
ESR1,TSC22D3,1,dorothea,
ESR1,TYMS,1,dorothea,
ETS1,ABCC1,1,dorothea,
ETS1,ATP2A3,1,dorothea,
ETS1,ATP5B,1,dorothea,
ETS1,BCL2,1,dorothea,
ETS1,BID,1,dorothea,
ETS1,BIRC2,1,dorothea,
ETS1,CD53,1,dorothea,
ETS1,CD6,1,dorothea,
ETS1,CDH13,1,dorothea,
ETS1,CDKN1A,1,dorothea,
ETS1,CHUK,1,dorothea,
ETS1,CIP2A,1,dorothea,
ETS1,COX4I1,1,dorothea,
ETS1,CSF2,1,dorothea,
ETS1,CTSB,1,dorothea,
ETS1,DNTT,1,dorothea,
ETS1,DUSP6,1,dorothea,
ETS1,ECE1,1,dorothea,
ETS1,EGR1,1,dorothea,
ETS1,EGR2,1,dorothea,
ETS1,EMSY,1,dorothea,
ETS1,F13A1,1,dorothea,
ETS1,FOS,1,dorothea,
ETS1,GP5,1,dorothea,
ETS1,GP9,1,dorothea,
ETS1,GZMB,1,dorothea,
ETS1,HPGD,1,dorothea,
ETS1,IER5,1,dorothea,
ETS1,IL2RB,1,dorothea,
ETS1,ITGA5,1,dorothea,
ETS1,ITGB3,1,dorothea,
ETS1,JAK3,1,dorothea,
ETS1,LCK,1,dorothea,
ETS1,LCP1,1,dorothea,
ETS1,LTB,1,dorothea,
ETS1,LTF,1,dorothea,
ETS1,MDM2,-1,dorothea,
ETS1,MGAT5,1,dorothea,
ETS1,MMP2,1,dorothea,
ETS1,MMP9,1,dorothea,
ETS1,MPL,1,dorothea,
ETS1,MYB,1,dorothea,
ETS1,NDRG1,-1,dorothea,
ETS1,NFKB1,1,dorothea,
ETS1,OAS2,1,dorothea,
ETS1,POLD1,1,dorothea,
ETS1,POR,1,dorothea,
ETS1,PSEN1,1,dorothea,
ETS1,RAD51,1,dorothea,
ETS1,SLC19A1,1,dorothea,
ETS1,SMAD4,1,dorothea,
ETS1,TAF12,1,dorothea,
ETS1,TBXA2R,1,dorothea,
ETS1,TBXAS1,-1,dorothea,
ETS1,TERT,-1,dorothea,
ETS1,TFRC,1,dorothea,
ETS1,THBS1,1,dorothea,
ETS1,TNFSF14,1,dorothea,
FOS,ACP5,1,dorothea,
FOS,BATF3,1,dorothea,
FOS,CCL2,1,dorothea,
FOS,CCL5,1,dorothea,
FOS,CD69,1,dorothea,
FOS,CDH1,1,dorothea,
FOS,CDKN1A,1,dorothea,
FOS,CLU,-1,dorothea,
FOS,CSF2,1,dorothea,
FOS,ERCC4,1,dorothea,
FOS,EZR,1,dorothea,
FOS,HSPH1,1,dorothea,
FOS,IL12A,1,dorothea,
FOS,IL2RA,1,dorothea,
FOS,IL4RA,1,dorothea,
FOS,ITGA5,1,dorothea,
FOS,LRIG2,1,dorothea,
FOS,MMP2,1,dorothea,
FOS,MYC,-1,dorothea,
FOS,NFATC1,1,dorothea,
FOS,NFKB1,-1,dorothea,
FOS,PDGFB,1,dorothea,
FOS,PGR,1,dorothea,
FOS,PLA2G4A,1,dorothea,
FOS,RUNX2,1,dorothea,
FOS,SMAD4,1,dorothea,
FOS,STAR,1,dorothea,
FOS,VDR,1,dorothea,
FOXJ2,SUN1,1,dorothea,
FOXJ2,ANTXR2,1,dorothea,
FOXJ2,FHL1,1,dorothea,
FOXJ2,HBP1,1,dorothea,
FOXJ2,JAK1,1,dorothea,
FOXJ2,SAMSN1,1,dorothea,
FOXJ2,SELENOP,1,dorothea,
FOXJ2,STAG2,1,dorothea,
FOXJ2,ZBTB20,1,dorothea,
FOXO1,CAV1,1,dorothea,
FOXO1,CCNB1,-1,dorothea,
FOXO1,CCNB2,-1,dorothea,
FOXO1,CDKN1C,1,dorothea,
FOXO1,CNR1,-1,dorothea,
FOXO1,EIF4EBP1,1,dorothea,
FOXO1,MCM5,-1,dorothea,
FOXO1,RAG1,1,dorothea,
FOXO1,RPS6KA3,1,dorothea,
FOXO1,SELENOP,1,dorothea,
FOXO1,TIMP3,-1,dorothea,
FOXO1,TNFSF10,1,dorothea,
FOXO1,TXNIP,-1,dorothea,
GATA1,CYBB,1,dorothea,
GATA1,GFI1B,1,dorothea,
GATA1,HEMGN,-1,dorothea,
GATA1,NFE2,1,dorothea,
GATA1,TBXA2R,1,dorothea,
GATA2,ARRDC4,1,dorothea,
GATA2,CCRL2,1,dorothea,
GATA2,CTSH,1,dorothea,
GATA2,CYBB,-1,dorothea,
GATA2,ELMO1,1,dorothea,
GATA2,FCER1A,1,dorothea,
GATA2,GATA1,1,dorothea,
GATA2,GPR146,1,dorothea,
GATA2,IL1RL1,1,dorothea,
GATA2,MS4A2,1,dorothea,
GATA2,MYC,1,dorothea,
GATA2,PECAM1,1,dorothea,
GATA2,PNPLA8,-1,dorothea,
GATA2,PPP1R15A,1,dorothea,
GATA2,PSD4,1,dorothea,
GATA2,SGK1,-1,dorothea,
GATA2,VWA5A,1,dorothea,
GFI1B,MEF2C,-1,dorothea,
GFI1B,AHCYL2,1,dorothea,
GFI1B,APLP2,1,dorothea,
GFI1B,MGAT1,1,dorothea,
GFI1B,SGMS1,1,dorothea,
GFI1B,STAT6,1,dorothea,
GFI1B,USP10,1,dorothea,
HBP1,NCF1,-1,dorothea,
HBP1,CDK19,-1,dorothea,
HBP1,GNA13,-1,dorothea,
HBP1,HERC3,-1,dorothea,
HBP1,LRCH1,-1,dorothea,
HBP1,PJA2,-1,dorothea,
HBP1,PPM1D,-1,dorothea,
HBP1,RNF13,-1,dorothea,
HBP1,RNF38,-1,dorothea,
HBP1,SMARCA2,-1,dorothea,
HBP1,SQSTM1,-1,dorothea,
HBP1,TLK1,-1,dorothea,
HBP1,TOPORS,-1,dorothea,
HINFP,ACBD5,1,dorothea,
HINFP,MPZL1,1,dorothea,
HINFP,MRVI1,1,dorothea,
HINFP,TBXAS1,1,dorothea,
HINFP,USP48,1,dorothea,
HNF1B,ACSL5,1,dorothea,
HNF1B,AFDN,1,dorothea,
HNF1B,ARHGEF28,1,dorothea,
HNF1B,EPS8,1,dorothea,
HNF1B,GPR160,1,dorothea,
HNF1B,GRAMD3,1,dorothea,
HNF1B,KCNIP4,1,dorothea,
HNF1B,LPP,1,dorothea,
HNF1B,NRXN1,1,dorothea,
HNF1B,ZFP438,1,dorothea,
HNF4A,ALDH6A1,1,dorothea,
HNF4A,C3,1,dorothea,
HNF4A,CDKN1A,1,dorothea,
HNF4A,CLDN4,1,dorothea,
HNF4A,CYP27A1,1,dorothea,
HNF4A,EPHX1,1,dorothea,
HNF4A,F10,1,dorothea,
HNF4A,GHR,1,dorothea,
HNF4A,LDLR,1,dorothea,
HNF4A,LIPC,1,dorothea,
HNF4A,MYC,1,dorothea,
HNF4A,PROS1,1,dorothea,
HNF4A,SELENOP,1,dorothea,
HNF4A,TASP1,1,dorothea,
HOXA9,ARHGAP15,1,dorothea,
HOXA9,GHR,1,dorothea,
HOXA9,GSAP,1,dorothea,
HOXA9,IPCEF1,1,dorothea,
HOXA9,TLE4,1,dorothea,
HOXA9,VIM,1,dorothea,
IKZF1,ARHGAP18,1,dorothea,
IKZF1,ATP8B4,1,dorothea,
IKZF1,CHST11,1,dorothea,
IKZF1,DOCK11,1,dorothea,
IKZF1,ELF4,1,dorothea,
IKZF1,IL10RA,1,dorothea,
IKZF1,ITPR1,1,dorothea,
IKZF1,LYN,1,dorothea,
IKZF1,NABP1,1,dorothea,
IKZF1,NEK6,1,dorothea,
IKZF1,OSBPL3,1,dorothea,
IKZF1,PIP4K2A,1,dorothea,
IKZF1,PRKCB,1,dorothea,
IKZF1,SAMSN1,1,dorothea,
IKZF1,ST6GAL1,1,dorothea,
IKZF1,STK10,1,dorothea,
IKZF1,SUSD1,1,dorothea,
IKZF1,TNFAIP8,1,dorothea,
IKZF1,TRIB3,1,dorothea,
IKZF1,ZEB2,1,dorothea,
IKZF1,ZFYVE28,1,dorothea,
IRF1,CYBB,1,dorothea,
IRF1,DDX58,1,dorothea,
IRF1,IFIT3,1,dorothea,
IRF1,IFIT3B,1,dorothea,
IRF1,IL15,1,dorothea,
IRF1,TNFSF10,1,dorothea,
IRF7,CXCL10,1,dorothea,
IRF9,IFIT3,1,dorothea,
IRF9,IFIT3B,1,dorothea,
IRF9,PML,1,dorothea,
IRF9,MX1,1,dorothea,
IRF9,MX2,1,dorothea,
IRF9,OAS2,1,dorothea,
IRF9,OAS3,1,dorothea,
IRF9,RSAD2,1,dorothea,
IRF9,SAMD9L,1,dorothea,
JUN,APP,1,dorothea,
JUN,BATF3,1,dorothea,
JUN,CCL2,1,dorothea,
JUN,CCL5,1,dorothea,
JUN,CD44,1,dorothea,
JUN,CD82,1,dorothea,
JUN,CDKN1A,-1,dorothea,
JUN,CSF2,1,dorothea,
JUN,CYP2J9,1,dorothea,
JUN,ETS1,1,dorothea,
JUN,EZR,1,dorothea,
JUN,GJA6,1,dorothea,
JUN,IER5,1,dorothea,
JUN,IGF1,1,dorothea,
JUN,IL12A,1,dorothea,
JUN,LBP,-1,dorothea,
JUN,MAT2A,1,dorothea,
JUN,MMP2,1,dorothea,
JUN,MYB,1,dorothea,
JUN,MYC,-1,dorothea,
JUN,PGR,-1,dorothea,
JUN,PLA2G4A,1,dorothea,
JUN,RARB,1,dorothea,
JUN,RUNX2,1,dorothea,
JUN,TIMP2,1,dorothea,
JUN,VCAM1,1,dorothea,
JUN,VDR,1,dorothea,
JUN,VIM,1,dorothea,
JUNB,CLU,1,dorothea,
JUNB,ABCC1,1,dorothea,
JUNB,AMPD3,1,dorothea,
JUNB,BHLHE40,1,dorothea,
JUNB,DMD,1,dorothea,
JUNB,EGR2,1,dorothea,
JUNB,IER5,1,dorothea,
JUNB,KLF6,1,dorothea,
JUNB,LMNA,1,dorothea,
JUNB,SEC14L1,1,dorothea,
JUNB,SH3BP5,1,dorothea,
JUNB,SMARCA2,1,dorothea,
JUNB,TBC1D14,1,dorothea,
JUNB,VOPP1,1,dorothea,
JUNB,ZBTB20,1,dorothea,
KLF1,AGRN,1,dorothea,
KLF1,AHNAK,1,dorothea,
KLF1,CTSB,1,dorothea,
KLF1,KLHL21,1,dorothea,
KLF1,NADK,1,dorothea,
KLF1,NOL4L,1,dorothea,
KLF1,PKM,1,dorothea,
KLF1,PLEC,1,dorothea,
KLF1,RAB3IL1,1,dorothea,
KLF1,RALGDS,1,dorothea,
KLF1,RNF38,1,dorothea,
KLF1,SGMS1,1,dorothea,
KLF1,SLC4A1,1,dorothea,
KLF1,SLC6A6,1,dorothea,
KLF1,SNAP47,1,dorothea,
KLF1,SPTB,1,dorothea,
KLF1,TBC1D14,1,dorothea,
KLF1,TCEA2,1,dorothea,
KLF1,ZFP36,1,dorothea,
KLF3,BTBD3,1,dorothea,
KLF3,CAST,1,dorothea,
KLF3,GNG12,1,dorothea,
KLF3,KCNK1,1,dorothea,
KLF3,MECOM,1,dorothea,
KLF3,MYO5A,1,dorothea,
KLF3,TSPAN12,1,dorothea,
KLF6,MMP9,-1,dorothea,
KLF6,CDH1,1,dorothea,
KLF6,ANXA2,1,dorothea,
KLF6,AREG,1,dorothea,
KLF6,EPS8,1,dorothea,
KLF6,ERRFI1,1,dorothea,
KLF6,ETS1,1,dorothea,
KLF6,IER5,1,dorothea,
KLF6,IRF1,1,dorothea,
KLF6,ITGB1,1,dorothea,
KLF6,LDLR,1,dorothea,
KLF6,LHFPL2,1,dorothea,
KLF6,LMNA,1,dorothea,
KLF6,LRRFIP1,1,dorothea,
KLF6,NEDD9,1,dorothea,
KLF6,PLEC,1,dorothea,
KLF6,TACC1,1,dorothea,
KLF6,TSPAN14,1,dorothea,
KLF6,WFS1,1,dorothea,
LEF1,BIRC5,1,dorothea,
LEF1,CD1D1,-1,dorothea,
LEF1,MYC,1,dorothea,
LEF1,RAG2,1,dorothea,
MEF2A,JUN,1,dorothea,
MEF2A,ARHGEF3,1,dorothea,
MEF2A,BCAS3,1,dorothea,
MEF2A,BLK,1,dorothea,
MEF2A,CHD9,1,dorothea,
MEF2A,DMD,1,dorothea,
MEF2A,EFR3A,1,dorothea,
MEF2A,FAM129A,1,dorothea,
MEF2A,FBXW11,1,dorothea,
MEF2A,FCHSD2,1,dorothea,
MEF2A,GOLIM4,1,dorothea,
MEF2A,HDAC9,1,dorothea,
MEF2A,IPCEF1,1,dorothea,
MEF2A,ITGB1,1,dorothea,
MEF2A,ITPR1,1,dorothea,
MEF2A,KDM4C,1,dorothea,
MEF2A,KLF6,1,dorothea,
MEF2A,LHFPL2,1,dorothea,
MEF2A,LMNA,1,dorothea,
MEF2A,LRCH1,1,dorothea,
MEF2A,MEF2C,1,dorothea,
MEF2A,METTL8,1,dorothea,
MEF2A,MSN,1,dorothea,
MEF2A,MYLK,1,dorothea,
MEF2A,NCOA7,1,dorothea,
MEF2A,NEDD9,1,dorothea,
MEF2A,NEK6,1,dorothea,
MEF2A,NEK7,1,dorothea,
MEF2A,NFATC2,1,dorothea,
MEF2A,NUMB,1,dorothea,
MEF2A,PALLD,1,dorothea,
MEF2A,PHTF2,1,dorothea,
MEF2A,PICALM,1,dorothea,
MEF2A,PTK2,1,dorothea,
MEF2A,RGS3,1,dorothea,
MEF2A,RIN2,1,dorothea,
MEF2A,RIPOR2,1,dorothea,
MEF2A,ST6GAL1,1,dorothea,
MEF2C,JUN,1,dorothea,
MEF2C,NR4A1,-1,dorothea,
MEF2C,CLIC5,1,dorothea,
MEF2C,HDAC9,1,dorothea,
MEF2C,ARHGAP25,1,dorothea,
MEF2C,ARHGEF3,1,dorothea,
MEF2C,ASB2,1,dorothea,
MEF2C,BCL2,1,dorothea,
MEF2C,CDK14,1,dorothea,
MEF2C,CDKL5,1,dorothea,
MEF2C,EBF1,1,dorothea,
MEF2C,ENTPD1,1,dorothea,
MEF2C,EPS15,1,dorothea,
MEF2C,ETS1,1,dorothea,
MEF2C,FAM129A,1,dorothea,
MEF2C,FCHSD2,1,dorothea,
MEF2C,IL15,1,dorothea,
MEF2C,LMNA,1,dorothea,
MEF2C,LRMP,1,dorothea,
MEF2C,MYLK3,1,dorothea,
MEF2C,NEDD9,1,dorothea,
MEF2C,NEK6,1,dorothea,
MEF2C,NFATC1,1,dorothea,
MEF2C,NUCB2,1,dorothea,
MEF2C,OXR1,1,dorothea,
MEF2C,PDE4B,1,dorothea,
MEF2C,PIP4K2A,1,dorothea,
MEF2C,PRKCH,1,dorothea,
MEF2C,RASGRP3,1,dorothea,
MEF2C,RFTN1,1,dorothea,
MEF2C,RGS3,1,dorothea,
MEF2C,RIPOR2,1,dorothea,
MEF2C,ST6GAL1,1,dorothea,
MEF2C,TSPAN12,1,dorothea,
MEF2C,TTC39C,1,dorothea,
MEIS1,BBS9,1,dorothea,
MEIS1,CACNA1A,1,dorothea,
MEIS1,DSE,1,dorothea,
MEIS1,ETS1,1,dorothea,
MEIS1,GHR,1,dorothea,
MEIS1,HDAC9,1,dorothea,
MEIS1,NFIA,1,dorothea,
MEIS1,PALLD,1,dorothea,
MEIS1,RIPOR2,1,dorothea,
MEIS1,SPTBN1,1,dorothea,
MEIS1,TLE4,1,dorothea,
MEIS1,TNIK,1,dorothea,
MEIS1,UBR3,1,dorothea,
MYB,BCL2,1,dorothea,
MYB,CD34,1,dorothea,
MYB,CD4,-1,dorothea,
MYB,CTSG,1,dorothea,
MYB,ELANE,1,dorothea,
MYB,GSTM1,1,dorothea,
MYB,KLF1,1,dorothea,
MYB,LCK,1,dorothea,
MYB,MAT2A,1,dorothea,
MYB,MYC,1,dorothea,
MYB,RAG2,1,dorothea,
MYB,TK1,1,dorothea,
MYC,ACOX1,1,dorothea,
MYC,ACP5,1,dorothea,
MYC,ACPP,1,dorothea,
MYC,AMPD2,1,dorothea,
MYC,AMPD3,1,dorothea,
MYC,APP,1,dorothea,
MYC,ATF7,1,dorothea,
MYC,BLK,1,dorothea,
MYC,BSG,1,dorothea,
MYC,CASP9,1,dorothea,
MYC,CBX5,1,dorothea,
MYC,CCNA2,1,dorothea,
MYC,CCNB1,1,dorothea,
MYC,CCNE1,1,dorothea,
MYC,CCT5,1,dorothea,
MYC,CD63,1,dorothea,
MYC,CD79B,1,dorothea,
MYC,CDK6,1,dorothea,
MYC,CEACAM1,1,dorothea,
MYC,CEACAM10,1,dorothea,
MYC,CFLAR,-1,dorothea,
MYC,CHRNB1,1,dorothea,
MYC,CKS2,1,dorothea,
MYC,COL4A1,1,dorothea,
MYC,CTSF,1,dorothea,
MYC,DCK,1,dorothea,
MYC,DDX11,1,dorothea,
MYC,DKC1,1,dorothea,
MYC,DUSP1,-1,dorothea,
MYC,EIF5A2,1,dorothea,
MYC,EPB42,1,dorothea,
MYC,EPHX1,1,dorothea,
MYC,FAH,1,dorothea,
MYC,FECH,1,dorothea,
MYC,FPGS,1,dorothea,
MYC,FUT1,1,dorothea,
MYC,GNL3,1,dorothea,
MYC,GOLPH3,1,dorothea,
MYC,GPR4,1,dorothea,
MYC,HBP1,1,dorothea,
MYC,HERPUD1,1,dorothea,
MYC,HMBS,1,dorothea,
MYC,HMOX1,1,dorothea,
MYC,HNRNPDL,1,dorothea,
MYC,HSPA4,1,dorothea,
MYC,HSPA8,1,dorothea,
MYC,HSPA9,1,dorothea,
MYC,HSPD1,1,dorothea,
MYC,ICAM1,1,dorothea,
MYC,ID2,1,dorothea,
MYC,ID3,1,dorothea,
MYC,IER3,1,dorothea,
MYC,ISG20,1,dorothea,
MYC,ITGA6,1,dorothea,
MYC,ITGB1,1,dorothea,
MYC,JUN,1,dorothea,
MYC,JUNB,-1,dorothea,
MYC,KLF1,1,dorothea,
MYC,LAIR1,1,dorothea,
MYC,LDHA,1,dorothea,
MYC,LDHB,1,dorothea,
MYC,LMNA,1,dorothea,
MYC,LTB,1,dorothea,
MYC,MAN2A2,1,dorothea,
MYC,MCM7,1,dorothea,
MYC,MDM2,1,dorothea,
MYC,MEIS1,1,dorothea,
MYC,MPO,1,dorothea,
MYC,MSN,-1,dorothea,
MYC,MTHFD1,1,dorothea,
MYC,MTHFR,1,dorothea,
MYC,NCL,1,dorothea,
MYC,NFIL3,1,dorothea,
MYC,NIT1,1,dorothea,
MYC,NOD1,1,dorothea,
MYC,NUP155,1,dorothea,
MYC,PCNA,1,dorothea,
MYC,PIK3C3,1,dorothea,
MYC,PKM,1,dorothea,
MYC,PLA2G4A,1,dorothea,
MYC,POLE3,1,dorothea,
MYC,PPAT,1,dorothea,
MYC,PPID,1,dorothea,
MYC,PRDX3,1,dorothea,
MYC,PRTN3,1,dorothea,
MYC,PSEN2,1,dorothea,
MYC,PTGER2,1,dorothea,
MYC,RAD51,1,dorothea,
MYC,RARB,-1,dorothea,
MYC,RCC1,1,dorothea,
MYC,RGS2,1,dorothea,
MYC,SCARB1,1,dorothea,
MYC,SFXN3,1,dorothea,
MYC,SHMT1,1,dorothea,
MYC,SLA,1,dorothea,
MYC,SLBP,1,dorothea,
MYC,SLC19A1,1,dorothea,
MYC,SLC25A3,1,dorothea,
MYC,SLC28A2,1,dorothea,
MYC,SLIT1,1,dorothea,
MYC,SQSTM1,1,dorothea,
MYC,SRM,1,dorothea,
MYC,SRSF1,1,dorothea,
MYC,STAT6,1,dorothea,
MYC,TCF12,1,dorothea,
MYC,TCIRG1,1,dorothea,
MYC,TFRC,1,dorothea,
MYC,THBS1,-1,dorothea,
MYC,TRAP1,1,dorothea,
MYC,TYMS,1,dorothea,
MYC,UBE2C,1,dorothea,
MYC,UROD,1,dorothea,
MYC,WDR36,1,dorothea,
MYC,YBX3,1,dorothea,
MYC,ZFP146,1,dorothea,
MYC,ZFP451,1,dorothea,
MYCN,CTSD,1,dorothea,
MYCN,MCM2,1,dorothea,
MYCN,MCM3,1,dorothea,
MYCN,MCM4,1,dorothea,
MYCN,MCM5,1,dorothea,
MYCN,MCM6,1,dorothea,
MYCN,MCM7,1,dorothea,
MYCN,MDM2,1,dorothea,
NCOA2,ARFGEF2,1,dorothea,
NCOA2,HIPK1,1,dorothea,
NCOA2,OXR1,1,dorothea,
NCOA2,PTK2,1,dorothea,
NFATC1,ICAM1,1,dorothea,
NFATC1,CREB5,1,dorothea,
NFATC1,MEF2C,1,dorothea,
NFATC1,NEDD9,1,dorothea,
NFATC1,CFLAR,1,dorothea,
NFATC1,GPR183,1,dorothea,
NFATC1,IKZF2,1,dorothea,
NFATC1,NFKB1,1,dorothea,
NFATC1,PIP4K2A,1,dorothea,
NFATC1,RGS3,1,dorothea,
NFATC1,SMARCA2,1,dorothea,
NFATC1,TNFAIP3,1,dorothea,
NFATC2,CSF2,1,dorothea,
NFATC2,TERT,1,dorothea,
NFE2,TBXA2R,1,dorothea,
NFE2,GCLC,1,dorothea,
NFE2,TBXAS1,1,dorothea,
NFE2,ADCK1,1,dorothea,
NFE2,DENND3,1,dorothea,
NFE2,ERGIC1,1,dorothea,
NFE2,MAP2K3,1,dorothea,
NFE2,NABP1,1,dorothea,
NFE2,PRKCB,1,dorothea,
NFE2,PRR5,1,dorothea,
NFE2,PTK2,1,dorothea,
NFE2,PTPRE,1,dorothea,
NFE2,RGS3,1,dorothea,
NFE2,SCARB1,1,dorothea,
NFE2,SH3BP5,1,dorothea,
NFE2,SH3TC1,1,dorothea,
NFE2,SLC25A37,1,dorothea,
NFE2,SNX29,1,dorothea,
NFE2,STK10,1,dorothea,
NFE2,ZBTB20,1,dorothea,
NFE2L2,MTHFR,1,dorothea,
NFE2L2,ABCC1,1,dorothea,
NFKB1,B2M,1,dorothea,
NFKB1,BIRC2,1,dorothea,
NFKB1,BIRC5,1,dorothea,
NFKB1,BST1,1,dorothea,
NFKB1,CCL3,1,dorothea,
NFKB1,CCL4,1,dorothea,
NFKB1,CCR7,1,dorothea,
NFKB1,CD69,1,dorothea,
NFKB1,CD74,1,dorothea,
NFKB1,CD83,1,dorothea,
NFKB1,CFTR,1,dorothea,
NFKB1,CTSB,1,dorothea,
NFKB1,CXCL10,1,dorothea,
NFKB1,EBI3,1,dorothea,
NFKB1,FCGRT,1,dorothea,
NFKB1,HMOX1,1,dorothea,
NFKB1,ICAM1,1,dorothea,
NFKB1,IER3,1,dorothea,
NFKB1,IRF1,1,dorothea,
NFKB1,IRF7,1,dorothea,
NFKB1,JUNB,1,dorothea,
NFKB1,MAT2A,1,dorothea,
NFKB1,MMP2,1,dorothea,
NFKB1,NOLC1,1,dorothea,
NFKB1,PDE7A,1,dorothea,
NFKB1,PDGFB,1,dorothea,
NFKB1,PTPN13,1,dorothea,
NFKB1,SERPINA3F,-1,dorothea,
NFKB1,SERPINA3G,-1,dorothea,
NFKB1,SERPINA3N,-1,dorothea,
NFKB1,SERPINB1A,1,dorothea,
NFKB1,THBD,-1,dorothea,
NFKB1,TNFSF10,1,dorothea,
NFKB1,TRAF1,1,dorothea,
NFKB1,VEGFC,1,dorothea,
NFKB1,VIM,1,dorothea,
NFKB1,VWF,1,dorothea,
NR1H3,ABCA1,1,dorothea,
NR1H3,APOE,1,dorothea,
NR1H3,ABCD1,1,dorothea,
NR1H3,RNF145,1,dorothea,
NR1H3,TMEM135,1,dorothea,
NR4A1,MDM2,-1,dorothea,
NR4A1,STAR,1,dorothea,
NR4A1,ALAS1,1,dorothea,
NR4A1,AMPD3,1,dorothea,
NR4A1,BHLHE40,1,dorothea,
NR4A1,CHD9,1,dorothea,
NR4A1,DUSP5,1,dorothea,
NR4A1,LMBR1,1,dorothea,
NR4A1,LPAR1,1,dorothea,
NR4A1,LPP,1,dorothea,
NR4A1,TBC1D14,1,dorothea,
NR4A1,WBP1L,1,dorothea,
NR4A1,ZBTB20,1,dorothea,
NR4A1,ZHX3,1,dorothea,
NRF1,ARRDC3,1,dorothea,
NRF1,CBX5,1,dorothea,
NRF1,EIF4ENIF1,1,dorothea,
NRF1,FADS1,1,dorothea,
NRF1,MIB2,1,dorothea,
NRF1,NADK,1,dorothea,
NRF1,NARF,1,dorothea,
NRF1,PKIB,1,dorothea,
NRF1,POLR2B,1,dorothea,
NRF1,PPAT,1,dorothea,
NRF1,PTTG1IP,1,dorothea,
NRF1,RSRP1,1,dorothea,
NRF1,SERP1,1,dorothea,
NRF1,SSH2,1,dorothea,
NRF1,SUGP2,1,dorothea,
NRF1,TCAIM,1,dorothea,
NRF1,TEF,1,dorothea,
NRF1,ZBTB4,1,dorothea,
NRF1,ZFP263,1,dorothea,
PBX3,PBX1,1,dorothea,
PBX3,CACNA2D1,1,dorothea,
PBX3,CD226,1,dorothea,
PBX3,DMD,1,dorothea,
PBX3,ERGIC1,1,dorothea,
PBX3,FLNA,1,dorothea,
PBX3,FNDC3B,1,dorothea,
PBX3,FRMD4B,1,dorothea,
PBX3,JARID2,1,dorothea,
PBX3,MYLK,1,dorothea,
PBX3,PACSIN2,1,dorothea,
PBX3,PDE4D,1,dorothea,
PBX3,PLCB1,1,dorothea,
PBX3,RARB,1,dorothea,
PBX3,RUNX1T1,1,dorothea,
PBX3,SEC14L1,1,dorothea,
PBX3,TLE4,1,dorothea,
PGR,BCL2,1,dorothea,
PGR,HLTF,1,dorothea,
PGR,MYC,1,dorothea,
REL,CCL2,1,dorothea,
REL,CSF2,1,dorothea,
REL,ICAM1,1,dorothea,
REL,IER3,1,dorothea,
REL,IL2RA,1,dorothea,
REL,NFKBIA,1,dorothea,
RELB,TNFAIP3,1,dorothea,
RUNX2,ESR1,-1,dorothea,
RUNX2,PSD3,1,dorothea,
RUNX2,AFF3,1,dorothea,
RUNX2,ALCAM,1,dorothea,
RUNX2,AMPD3,1,dorothea,
RUNX2,ANKRD44,1,dorothea,
RUNX2,APP,1,dorothea,
RUNX2,ATP8B4,1,dorothea,
RUNX2,CSGALNACT1,1,dorothea,
RUNX2,DOCK10,1,dorothea,
RUNX2,DOCK2,1,dorothea,
RUNX2,ETS1,1,dorothea,
RUNX2,FARP1,1,dorothea,
RUNX2,GRAMD3,1,dorothea,
RUNX2,ITPR1,1,dorothea,
RUNX2,MYOF,1,dorothea,
RUNX2,NABP1,1,dorothea,
RUNX2,OSBPL3,1,dorothea,
RUNX2,PACSIN2,1,dorothea,
RUNX2,PBX1,1,dorothea,
RUNX2,PIP4K2A,1,dorothea,
RUNX2,PLCB1,1,dorothea,
RUNX2,PTK2,1,dorothea,
RUNX2,RFTN1,1,dorothea,
RUNX2,TBXAS1,1,dorothea,
RUNX2,TLE4,1,dorothea,
SMAD3,AHR,1,dorothea,
SMAD3,CDKN1A,1,dorothea,
SMAD3,JUN,1,dorothea,
SMAD3,MMP9,1,dorothea,
SMAD3,POR,1,dorothea,
SMAD3,TERT,-1,dorothea,
SMAD3,ZFP36,1,dorothea,
SMAD4,AHR,1,dorothea,
SMAD4,BTRC,-1,dorothea,
SMAD4,DACH1,-1,dorothea,
SMAD4,JUN,1,dorothea,
SMAD4,MYC,1,dorothea,
SMAD4,POR,1,dorothea,
SMAD4,RUNX1T1,1,dorothea,
SMAD4,ZFP36,1,dorothea,
SMAD5,DMTF1,1,dorothea,
SMAD5,RHOBTB3,1,dorothea,
SMAD5,SMC4,1,dorothea,
SOX6,9330182L06RIK,1,dorothea,
SOX6,ATP2B4,1,dorothea,
SOX6,LDLR,1,dorothea,
SOX6,LYN,1,dorothea,
SOX6,PARD3B,1,dorothea,
SOX6,PPFIBP2,1,dorothea,
SOX6,SCARB1,1,dorothea,
SOX6,SMAD3,1,dorothea,
SOX6,TBC1D14,1,dorothea,
SOX6,ZEB2,1,dorothea,
SP4,RNF38,1,dorothea,
SP4,APOE,1,dorothea,
SP4,ASAH1,1,dorothea,
SP4,BAZ2B,1,dorothea,
SP4,CDC42EP4,1,dorothea,
SP4,HYOU1,1,dorothea,
SP4,MYADM,1,dorothea,
SP4,NMT2,1,dorothea,
SP4,PTPN4,1,dorothea,
SP4,STAG2,1,dorothea,
SP4,TMEM18,1,dorothea,
SPI1,ACP5,1,dorothea,
SPI1,B2M,1,dorothea,
SPI1,BTK,1,dorothea,
SPI1,CD22,1,dorothea,
SPI1,CD53,1,dorothea,
SPI1,CD86,1,dorothea,
SPI1,CIITA,1,dorothea,
SPI1,CSF2,1,dorothea,
SPI1,CSF3R,1,dorothea,
SPI1,CTSE,1,dorothea,
SPI1,CTSG,1,dorothea,
SPI1,CTSS,1,dorothea,
SPI1,CYBB,1,dorothea,
SPI1,EGR2,1,dorothea,
SPI1,ELANE,1,dorothea,
SPI1,FCER1A,1,dorothea,
SPI1,FOS,1,dorothea,
SPI1,FPR1,-1,dorothea,
SPI1,GATA1,1,dorothea,
SPI1,HCK,1,dorothea,
SPI1,ICAM1,1,dorothea,
SPI1,IFI204,1,dorothea,
SPI1,IFI205,1,dorothea,
SPI1,IFI211,1,dorothea,
SPI1,IFIT3,1,dorothea,
SPI1,IFIT3B,1,dorothea,
SPI1,ITGAM,1,dorothea,
SPI1,ITGB1,1,dorothea,
SPI1,ITGB2,1,dorothea,
SPI1,JCHAIN,1,dorothea,
SPI1,LCP2,1,dorothea,
SPI1,LSP1,1,dorothea,
SPI1,MMP2,1,dorothea,
SPI1,MNDAL,1,dorothea,
SPI1,MPO,1,dorothea,
SPI1,MYB,1,dorothea,
SPI1,P2RY10,1,dorothea,
SPI1,PDGFRB,1,dorothea,
SPI1,PPBP,1,dorothea,
SPI1,PRTN3,1,dorothea,
SPI1,PTGIR,1,dorothea,
SPI1,PTPRE,1,dorothea,
SPI1,REL,1,dorothea,
SPI1,SCARB1,1,dorothea,
SPI1,SERPINB1A,1,dorothea,
SPI1,STAT3,1,dorothea,
SPI1,TBXAS1,1,dorothea,
SPI1,TFEC,1,dorothea,
SPI1,TGFBR2,1,dorothea,
SPI1,TYROBP,1,dorothea,
SPI1,VAV1,1,dorothea,
SPIB,IRF7,-1,dorothea,
SPIB,XBP1,1,dorothea,
SPIB,KLHL6,1,dorothea,
SPIB,BANK1,1,dorothea,
SPIB,BBS9,1,dorothea,
SPIB,BHLHE40,1,dorothea,
SPIB,CD86,1,dorothea,
SPIB,CHL1,1,dorothea,
SPIB,CIITA,1,dorothea,
SPIB,DOCK10,1,dorothea,
SPIB,ECE1,1,dorothea,
SPIB,ELMO1,1,dorothea,
SPIB,GRAMD3,1,dorothea,
SPIB,GSDME,1,dorothea,
SPIB,IKZF1,1,dorothea,
SPIB,IL21R,1,dorothea,
SPIB,ITPR1,1,dorothea,
SPIB,KDM4C,1,dorothea,
SPIB,LRMP,1,dorothea,
SPIB,NDRG1,1,dorothea,
SPIB,PPFIBP2,1,dorothea,
SPIB,RASSF2,1,dorothea,
SPIB,RASSF5,1,dorothea,
SPIB,RUBCNL,1,dorothea,
SPIB,SLC12A3,1,dorothea,
SPIB,SP100,1,dorothea,
SPIB,ST14,1,dorothea,
SPIB,TBC1D4,1,dorothea,
SPIB,TNFAIP8,1,dorothea,
SPIB,UCP2,1,dorothea,
SPIB,VOPP1,1,dorothea,
SPIB,WSCD2,1,dorothea,
STAT1,APOE,1,dorothea,
STAT1,APP,1,dorothea,
STAT1,BCL2,1,dorothea,
STAT1,CCL2,1,dorothea,
STAT1,CCND3,1,dorothea,
STAT1,CCR1,1,dorothea,
STAT1,CD274,1,dorothea,
STAT1,CD86,1,dorothea,
STAT1,CDC7,-1,dorothea,
STAT1,CDKN1A,1,dorothea,
STAT1,CFTR,1,dorothea,
STAT1,CISH,1,dorothea,
STAT1,CTSB,1,dorothea,
STAT1,CX3CL1,1,dorothea,
STAT1,DUOX2,1,dorothea,
STAT1,EDEM2,1,dorothea,
STAT1,ELP3,1,dorothea,
STAT1,ESR1,1,dorothea,
STAT1,FBXO5,1,dorothea,
STAT1,FCGRT,-1,dorothea,
STAT1,FGFR3,-1,dorothea,
STAT1,FOS,1,dorothea,
STAT1,H2-DMA,1,dorothea,
STAT1,H2-DMB1,1,dorothea,
STAT1,H2-DMB2,1,dorothea,
STAT1,H2-EB2,1,dorothea,
STAT1,HCFC1,-1,dorothea,
STAT1,HDAC7,1,dorothea,
STAT1,HMOX1,1,dorothea,
STAT1,HSP90AA1,-1,dorothea,
STAT1,HSPB1,1,dorothea,
STAT1,ICAM1,1,dorothea,
STAT1,IFIT3,1,dorothea,
STAT1,IFIT3B,1,dorothea,
STAT1,IGF1,1,dorothea,
STAT1,IL12A,1,dorothea,
STAT1,IL12RB1,1,dorothea,
STAT1,IL12RB2,1,dorothea,
STAT1,IL18BP,1,dorothea,
STAT1,IL1R1,1,dorothea,
STAT1,IL2RA,1,dorothea,
STAT1,IL6ST,1,dorothea,
STAT1,IRF8,1,dorothea,
STAT1,IRF9,1,dorothea,
STAT1,ISG20,1,dorothea,
STAT1,JAK2,1,dorothea,
STAT1,JUN,1,dorothea,
STAT1,JUNB,1,dorothea,
STAT1,LAP3,1,dorothea,
STAT1,MAN1A,1,dorothea,
STAT1,MAT2A,1,dorothea,
STAT1,MED16,1,dorothea,
STAT1,MMP9,-1,dorothea,
STAT1,MX1,1,dorothea,
STAT1,MX2,1,dorothea,
STAT1,MYC,1,dorothea,
STAT1,NAA35,-1,dorothea,
STAT1,OAS1A,1,dorothea,
STAT1,OAS1B,1,dorothea,
STAT1,OAS1G,1,dorothea,
STAT1,OAS2,1,dorothea,
STAT1,OAS3,1,dorothea,
STAT1,OASL1,1,dorothea,
STAT1,PARP14,1,dorothea,
STAT1,PML,1,dorothea,
STAT1,PRF1,1,dorothea,
STAT1,PROS1,1,dorothea,
STAT1,PTTG1IP,1,dorothea,
STAT1,PWP2,1,dorothea,
STAT1,RBAK,1,dorothea,
STAT1,RNF213,1,dorothea,
STAT1,S100A10,1,dorothea,
STAT1,SCARB1,1,dorothea,
STAT1,SOCS2,1,dorothea,
STAT1,SOCS5,1,dorothea,
STAT1,STAT2,1,dorothea,
STAT1,STAT3,1,dorothea,
STAT1,TLR3,1,dorothea,
STAT1,TNFSF11,1,dorothea,
STAT1,UBR1,1,dorothea,
STAT1,VEGFC,1,dorothea,
STAT1,VPS33B,1,dorothea,
STAT1,WARS,1,dorothea,
STAT1,ZFP1,1,dorothea,
STAT1,ZFP112,1,dorothea,
STAT1,ZFP12,1,dorothea,
STAT1,ZFP128,1,dorothea,
STAT1,ZFP169,1,dorothea,
STAT1,ZFP30,1,dorothea,
STAT1,ZFP354A,1,dorothea,
STAT1,ZFP367,-1,dorothea,
STAT1,ZFP61,1,dorothea,
STAT1,ZFP612,1,dorothea,
STAT1,ZFP655,1,dorothea,
STAT1,ZFP746,1,dorothea,
STAT1,ZFP879,1,dorothea,
STAT1,ZFP961,1,dorothea,
STAT2,IFIT3,1,dorothea,
STAT2,IFIT3B,1,dorothea,
STAT2,IRF1,1,dorothea,
STAT2,MX1,1,dorothea,
STAT2,MX2,1,dorothea,
STAT2,OAS1A,1,dorothea,
STAT2,OAS1B,1,dorothea,
STAT2,OAS1G,1,dorothea,
STAT2,OAS2,1,dorothea,
STAT2,PML,1,dorothea,
STAT3,BIRC3,1,dorothea,
STAT3,BIRC5,1,dorothea,
STAT3,CCL2,1,dorothea,
STAT3,CCND3,1,dorothea,
STAT3,CD274,1,dorothea,
STAT3,CDKN1A,1,dorothea,
STAT3,CISH,1,dorothea,
STAT3,ESR1,1,dorothea,
STAT3,HMOX1,1,dorothea,
STAT3,HSPB1,1,dorothea,
STAT3,IFNAR1,1,dorothea,
STAT3,IGF1,1,dorothea,
STAT3,IL2RA,1,dorothea,
STAT3,IL6ST,1,dorothea,
STAT3,IRF1,1,dorothea,
STAT3,JUNB,1,dorothea,
STAT3,LBP,1,dorothea,
STAT3,PGF,-1,dorothea,
STAT3,PRF1,1,dorothea,
STAT3,PTPN13,1,dorothea,
STAT3,RORA,1,dorothea,
STAT3,STAT1,1,dorothea,
STAT3,ZFP36,1,dorothea,
STAT6,CISH,1,dorothea,
STAT6,FOS,1,dorothea,
STAT6,IRF1,1,dorothea,
TCF12,ABLIM1,1,dorothea,
TCF12,ABR,1,dorothea,
TCF12,ANTXR2,1,dorothea,
TCF12,ARHGEF3,1,dorothea,
TCF12,CAST,1,dorothea,
TCF12,CHD9,1,dorothea,
TCF12,CTNNA1,1,dorothea,
TCF12,FNDC3B,1,dorothea,
TCF12,ITPR2,1,dorothea,
TCF12,JARID2,1,dorothea,
TCF12,LPP,1,dorothea,
TCF12,LRCH1,1,dorothea,
TCF12,NRP2,1,dorothea,
TCF12,PALLD,1,dorothea,
TCF12,PARD3B,1,dorothea,
TCF12,PDE4D,1,dorothea,
TCF12,PLCB1,1,dorothea,
TCF12,PTK2,1,dorothea,
TCF12,SLC37A1,1,dorothea,
TCF12,THADA,1,dorothea,
TCF12,ZBTB38,1,dorothea,
TCF7,BCL2,1,dorothea,
TCF7,BIRC5,1,dorothea,
TCF7,LEF1,1,dorothea,
TCF7,ANTXR2,1,dorothea,
TCF7,ARHGAP15,1,dorothea,
TCF7,BIRC3,1,dorothea,
TCF7,CD86,1,dorothea,
TCF7,CDK17,1,dorothea,
TCF7,DMD,1,dorothea,
TCF7,DOCK10,1,dorothea,
TCF7,GPR15,1,dorothea,
TCF7,IKZF1,1,dorothea,
TCF7,KCNK1,1,dorothea,
TCF7,NUMB,1,dorothea,
TCF7,PDE7A,1,dorothea,
TCF7,PLEC,1,dorothea,
TCF7,PRR5L,1,dorothea,
TCF7,PTPRC,1,dorothea,
TCF7,RHOH,1,dorothea,
TCF7,RIN3,1,dorothea,
TCF7,SOX6,1,dorothea,
TCF7,SP100,1,dorothea,
TCF7,TNFRSF19,1,dorothea,
TCF7,USP48,1,dorothea,
TCF7,ZBTB20,1,dorothea,
TEAD2,RIN3,1,dorothea,
TEAD2,ATP6V1A,1,dorothea,
TEAD2,CTDSP2,1,dorothea,
TEAD2,RHBDF1,1,dorothea,
TEAD2,TBC1D25,1,dorothea,
VDR,BHLHE40,1,dorothea,
VDR,CAMP,1,dorothea,
VDR,CDH1,1,dorothea,
VDR,CDKN1A,1,dorothea,
XBP1,CACNB2,1,dorothea,
XBP1,CTNNA1,1,dorothea,
XBP1,DTNA,1,dorothea,
XBP1,FRMD4B,1,dorothea,
XBP1,PRNP,1,dorothea,
ZEB2,VIM,1,dorothea,
ZEB2,ACVR1,-1,dorothea,
ZEB2,ANXA4,-1,dorothea,
ZEB2,ATP2B4,-1,dorothea,
ZEB2,CREG1,-1,dorothea,
ZEB2,DOCK11,-1,dorothea,
ZEB2,FNDC3B,-1,dorothea,
ZEB2,HIP1,-1,dorothea,
ZEB2,IKZF1,-1,dorothea,
ZEB2,ITPR1,-1,dorothea,
ZEB2,LHFPL2,-1,dorothea,
ZEB2,MEF2C,-1,dorothea,
ZEB2,NFIA,-1,dorothea,
ZEB2,NSMAF,-1,dorothea,
ZEB2,PICALM,-1,dorothea,
ZEB2,PIK3CG,-1,dorothea,
ZEB2,PIP4K2A,-1,dorothea,
ZEB2,PRKAR2B,-1,dorothea,
ZEB2,PRKCB,-1,dorothea,
ZEB2,RAB31,-1,dorothea,
ZEB2,SGMS1,-1,dorothea,
ZEB2,SOX6,-1,dorothea,
ZEB2,SPTBN1,-1,dorothea,
ZEB2,SUSD1,-1,dorothea,
ZEB2,TBC1D5,-1,dorothea,
ZFP110,SLC25A37,-1,dorothea,
ZFP110,TNFAIP8,-1,dorothea,
ZFP110,ZFP12,-1,dorothea,
ZFP110,ZFP263,-1,dorothea,
ZFP110,ZFP397,-1,dorothea,
ZFP110,ZSCAN18,-1,dorothea,
ZFP143,ESCO2,1,dorothea,
ZFP143,FNDC3B,1,dorothea,
ZFP143,FRMD4A,1,dorothea,
ZFP143,ITPR1,1,dorothea,
ZFP143,LMNA,1,dorothea,
ZFP143,MGRN1,1,dorothea,
ZFP143,PLEC,1,dorothea,
ZFP143,RPTOR,1,dorothea,
ZFP143,SPTBN1,1,dorothea,
ZFP143,TALDO1,1,dorothea,
ZFP143,ZMIZ1,1,dorothea,
ZFP24,ADCK1,-1,dorothea,
ZFP24,SGK1,-1,dorothea,
ZFP24,TBXAS1,-1,dorothea,
ZFP24,TRPV4,-1,dorothea,
ZFP263,ABR,-1,dorothea,
ZFP263,ADGRD1,-1,dorothea,
ZFP263,ADGRG1,-1,dorothea,
ZFP263,AGRN,-1,dorothea,
ZFP263,ANO7,-1,dorothea,
ZFP263,ARAP1,-1,dorothea,
ZFP263,ARHGEF16,-1,dorothea,
ZFP263,ARHGEF17,-1,dorothea,
ZFP263,ATP11A,-1,dorothea,
ZFP263,C77080,-1,dorothea,
ZFP263,CACNA1A,-1,dorothea,
ZFP263,CAMK2B,-1,dorothea,
ZFP263,CDC42EP4,-1,dorothea,
ZFP263,CDH23,-1,dorothea,
ZFP263,CTNNA1,-1,dorothea,
ZFP263,ERGIC1,-1,dorothea,
ZFP263,FAM102A,-1,dorothea,
ZFP263,FGFR3,-1,dorothea,
ZFP263,GSN,-1,dorothea,
ZFP263,HPCAL1,-1,dorothea,
ZFP263,ITGB2,-1,dorothea,
ZFP263,ITPK1,-1,dorothea,
ZFP263,ITPR1,-1,dorothea,
ZFP263,KCNH2,-1,dorothea,
ZFP263,LHFPL2,-1,dorothea,
ZFP263,LMNA,-1,dorothea,
ZFP263,LPCAT1,-1,dorothea,
ZFP263,MDGA1,-1,dorothea,
ZFP263,MYO7A,-1,dorothea,
ZFP263,NADK,-1,dorothea,
ZFP263,NOL4L,-1,dorothea,
ZFP263,NOTCH1,-1,dorothea,
ZFP263,OBSCN,-1,dorothea,
ZFP263,OSBPL5,-1,dorothea,
ZFP263,PACSIN1,-1,dorothea,
ZFP263,PDGFRB,-1,dorothea,
ZFP263,PFKP,-1,dorothea,
ZFP263,PLCG2,-1,dorothea,
ZFP263,PLEC,-1,dorothea,
ZFP263,PNPLA7,-1,dorothea,
ZFP263,POLE,-1,dorothea,
ZFP263,POR,-1,dorothea,
ZFP263,PPM1F,-1,dorothea,
ZFP263,PQLC2,-1,dorothea,
ZFP263,PRDM16,-1,dorothea,
ZFP263,PRKAR1B,-1,dorothea,
ZFP263,PRR5,-1,dorothea,
ZFP263,PSD4,-1,dorothea,
ZFP263,PTK7,-1,dorothea,
ZFP263,PTPRU,-1,dorothea,
ZFP263,RAB11FIP3,-1,dorothea,
ZFP263,RALGDS,-1,dorothea,
ZFP263,RALGPS1,-1,dorothea,
ZFP263,RGS3,-1,dorothea,
ZFP263,RPTOR,-1,dorothea,
ZFP263,SARDH,-1,dorothea,
ZFP263,SCARB1,-1,dorothea,
ZFP263,SDC3,-1,dorothea,
ZFP263,SEC14L1,-1,dorothea,
ZFP263,SH3TC1,-1,dorothea,
ZFP263,SLC12A7,-1,dorothea,
ZFP263,SLC6A6,-1,dorothea,
ZFP263,SMAD3,-1,dorothea,
ZFP263,SRC,-1,dorothea,
ZFP263,SYNJ2,-1,dorothea,
ZFP263,TACC3,-1,dorothea,
ZFP263,TANGO2,-1,dorothea,
ZFP263,TBCD,-1,dorothea,
ZFP263,TMEM201,-1,dorothea,
ZFP263,TOP3B,-1,dorothea,
ZFP263,TRAPPC9,-1,dorothea,
ZFP263,TXNRD2,-1,dorothea,
ZFP263,UBAC1,-1,dorothea,
ZFP263,ZBTB16,-1,dorothea,
ZFP263,ZFYVE28,-1,dorothea,
ZFP263,ZMIZ1,-1,dorothea,
ZFP592,FTSJ3,1,dorothea,
ZFP592,PHF8,1,dorothea,
ZFP592,STRIP1,1,dorothea,
ZFP592,VPS26C,1,dorothea,
ZFP639,AHCTF1,-1,dorothea,
ZFP639,CTBS,-1,dorothea,
ZFP639,DNM1L,-1,dorothea,
ZFP639,HIPK3,-1,dorothea,
ZFP639,MAPK9,-1,dorothea,
ZFP639,MEF2A,-1,dorothea,
ZFP639,PHF10,-1,dorothea,
ZFP639,RNF38,-1,dorothea,
ZFP639,RO60,-1,dorothea,
ZFP639,SLC30A5,-1,dorothea,
ZFP639,ZC3H7A,-1,dorothea,
ZFP639,ZFP143,-1,dorothea,
ZFP639,ZZZ3,-1,dorothea,
